return-years,Max Surge (m)
1.1976865033654938,1.3797518552201669
1.1980330633423737,1.3930235919161538
1.1983803314979316,1.8464265703912375
1.1987283096326928,2.09973797966093
1.1990769995530313,2.2179214394298343
1.199426403071194,2.4601311608094845
1.1997765220053236,2.4805185436516104
1.2001273581794834,2.8820689958539765
1.2004789134236806,3.0495867014188276
1.2008311895738917,3.513808593510078
1.2011841884720855,3.562311195627811
1.2015379119662486,3.572865525240597
1.2018923619104096,3.7005489614322724
1.2022475401646637,3.7157377960317106
1.2026034485951977,3.716805759665429
1.2029600890743153,3.7358800648193777
1.2033174634804609,3.9237659103310865
1.2036755736982463,3.925121016434159
1.2040344216184753,3.943772841647994
1.2043940091381693,3.963902755193423
1.2047543381605927,4.216898698856502
1.2051154105952788,4.272217924428871
1.2054772283580557,4.426481376967987
1.2058397933710718,4.4345495574708345
1.2062031075628223,4.440234072000435
1.2065671728681755,4.565423338824048
1.2069319912283984,4.5940836508033245
1.2072975645911848,4.615942913532512
1.2076638949106797,4.678457031227854
1.2080309841475079,4.693236130329903
1.2083988342688001,4.771571649126022
1.2087674472482195,4.7754025051851885
1.2091368250659895,4.788870898837702
1.2095069697089218,4.793888556045301
1.209877883170442,4.796501788919465
1.2102495674506182,4.871486472762303
1.2106220245561885,4.970431512298804
1.210995256500589,4.980203752459311
1.211369265303982,5.012514647231271
1.2117440529932835,5.038138867797313
1.2121196216021914,5.10905177365982
1.2124959731712146,5.161028805798655
1.212873109747701,5.20944411792547
1.2132510333858666,5.214125837206188
1.2136297461468237,5.250505729069513
1.2140092500986106,5.287594652353626
1.2143895473162198,5.318740592746491
1.2147706398816285,5.363606314699307
1.215152529883827,5.4130443959414185
1.2155352194188482,5.416096916866565
1.2159187105897988,5.42422378369154
1.2163030055068873,5.4459276408997015
1.2166881062874546,5.50053606929879
1.2170740150560049,5.563797370088832
1.2174607339442354,5.5909171275517
1.2178482650910667,5.609321311012023
1.2182366106426736,5.653956148101874
1.218625772752516,5.6590776502879105
1.2190157535813702,5.664743055307046
1.2194065552973583,5.68265894140054
1.219798180075982,5.814372737397635
1.2201906301001522,5.821649681940885
1.220583907560221,5.8326578949143215
1.220978014654014,5.837694473892194
1.2213729535868612,5.852930624307681
1.2217687265716302,5.966025021990369
1.2221653358287574,5.98505790318234
1.2225627835862816,5.988648983048774
1.2229610720798754,5.995238670869247
1.2233602035528781,6.029725926685561
1.2237601802563296,6.0543152126769115
1.2241610044490028,6.094161261871117
1.224562678397436,6.1404312399105985
1.2249652043759682,6.165232070319737
1.2253685846667712,6.170841685980943
1.2257728215598842,6.250126259628232
1.2261779173532468,6.265292252451262
1.226583874352734,6.270806540827718
1.2269906948721903,6.280514148016569
1.2273983812334641,6.281986617264366
1.2278069357664425,6.282537631831139
1.228216360809086,6.351300059489005
1.2286266587074628,6.39685139445675
1.229037831815786,6.422012868775073
1.2294498824964464,6.425501492490541
1.2298628131200502,6.426908717762704
1.2302766260654536,6.436011992402462
1.2306913237197992,6.4815208794542105
1.2311069084785524,6.485962717540167
1.2315233827455365,6.493355108970235
1.2319407489329708,6.494172214482338
1.2323590094615062,6.502171341706228
1.2327781667602624,6.547198634203709
1.2331982232668657,6.560603018439192
1.2336191814274846,6.5666965730821145
1.2340410436968692,6.58532172347871
1.2344638125383876,6.599701184703661
1.2348874904240645,6.62801346473808
1.2353120798346189,6.6502142136475015
1.2357375832595021,6.654576432760028
1.2361640031969368,6.66059209744238
1.2365913421539558,6.71665389415268
1.2370196026464406,6.7206330546643525
1.2374487871991604,6.72311957378713
1.237878898345811,6.763902980927621
1.2383099386290566,6.817917160467976
1.2387419106005657,6.868564135501678
1.2391748168210548,6.869606939310174
1.239608659860326,6.916054521860634
1.2400434422973086,6.93684936748009
1.2404791667200996,6.943204385119129
1.240915835726004,7.0538750319757035
1.2413534519215765,7.102657447171194
1.2417920179226618,7.1224609945230295
1.242231536354437,7.135538905865211
1.2426720098514528,7.142592966718326
1.2431134410576758,7.148443682194728
1.24355583262653,7.1530091704283985
1.2439991872209395,7.164060793384769
1.2444435075133715,7.171630620212829
1.2448887961858788,7.200919285563051
1.245335055930142,7.212522645186201
1.2457822894475146,7.217777090271878
1.2462304994490647,7.228149845224001
1.2466796886556204,7.239252422218498
1.247129859797812,7.25958992458956
1.2475810156161178,7.263934388849475
1.248033158860908,7.26595164692799
1.248486292292489,7.334516575867157
1.2489404186811492,7.334917261387906
1.2493955408072033,7.362152358230502
1.2498516614610387,7.3810346583457545
1.2503087834431597,7.4145876250493385
1.250766909564236,7.451225241073622
1.2512260426451456,7.469264021813825
1.2516861855170245,7.473123280601083
1.2521473410213104,7.482307075461128
1.2526095120097929,7.516270023917727
1.2530727013446572,7.528838519707039
1.2535369118985342,7.5498596477136966
1.2540021465545477,7.55167632720938
1.254468408206361,7.551950849494595
1.2549356997582277,7.552398434062724
1.2554040241250375,7.595722861958077
1.2558733842323664,7.600270044432392
1.2563437830165267,7.617198282128759
1.256815223424614,7.625595912762381
1.2572877084145584,7.641182181394294
1.2577612409551748,7.642941265410905
1.2582358240262115,7.6483296527700135
1.258711460618402,7.652687632265515
1.2591881537335143,7.678353805120533
1.2596659063844038,7.679074347991849
1.2601447215950634,7.682926909620888
1.2606246024006746,7.702280738302354
1.2611055518476606,7.710439272071124
1.2615875729937376,7.731259580643502
1.2620706689079677,7.759407327881969
1.262554842670811,7.760862025632388
1.2630400973741795,7.762230050305396
1.2635264361214897,7.770170116508478
1.2640138620277166,7.808513920271357
1.2645023782194473,7.826454307698437
1.2649919878349358,7.841790701647121
1.2654826940241566,7.868855897042119
1.265974499948861,7.877056896356415
1.2664674087826302,7.882359241443142
1.2669614237109323,7.883536671176176
1.2674565479311786,7.892606367582991
1.2679527846527774,7.892795906551015
1.2684501370971926,7.904692348237461
1.268948608497999,7.915214202528109
1.2694482021009403,7.916976976848414
1.2699489211639863,7.9324065588972585
1.2704507689573894,7.942118919417277
1.2709537487637446,7.9520788780729585
1.271457863878046,7.954955245745813
1.2719631176077468,7.956156447365798
1.272469513272818,7.960673954166332
1.2729770542058068,7.961265258480954
1.2734857437518974,7.981551280217465
1.2739955852689708,8.000399044561505
1.2745065821276653,8.002832749569267
1.2750187377114361,8.00655929869455
1.2755320554166176,8.040887774636706
1.276046538652485,8.044164796969435
1.2765621908413143,8.04438745663507
1.2770790154184466,8.052340651316587
1.2775970158323493,8.081521799395942
1.278116195544679,8.085687615164826
1.278636558030345,8.120974422214063
1.279158106777573,8.12624432257398
1.2796808452879682,8.13479342133661
1.280204777076581,8.13918340883845
1.28072990567197,8.139558090818516
1.281256234616269,8.16227064044276
1.2817837674652501,8.169995520378345
1.2823125077883917,8.18267685691931
1.2828424591689427,8.189304958374997
1.2833736252039913,8.193478869826917
1.2839060095045296,8.19480828046621
1.2844396156955227,8.203142057923833
1.2849744474159757,8.20340480737327
1.285510508319002,8.242601720131528
1.286047802071891,8.247956891174924
1.286586332356179,8.260129823736627
1.2871261028677163,8.271817058332958
1.2876671173167384,8.292661943296018
1.2882093794279357,8.296767938196012
1.2887528929405239,8.29783867851278
1.2892976616083152,8.299538506292869
1.2898436891997893,8.356560399781491
1.2903909794981656,8.360717652167029
1.2909395363014762,8.362948355470362
1.2914893634226363,8.392293006110457
1.2920404646895194,8.400054549422311
1.2925928439450305,8.406260852091576
1.2931465050471784,8.413089523807033
1.293701451869153,8.415771970496378
1.294257688299397,8.441217513635975
1.294815218241683,8.443990150920438
1.2953740456151894,8.449946864071993
1.2959341743545754,8.454798693994853
1.2964956084100585,8.464639043369738
1.2970583517474912,8.476108738500098
1.297622408348439,8.486492662055584
1.2981877822102572,8.49653622672733
1.2987544773461714,8.500494956048678
1.2993224977853541,8.516841086075607
1.2998918475730064,8.541432287217585
1.3004625307704352,8.562836406381022
1.3010345514551367,8.578671024353357
1.3016079137208747,8.585124461189167
1.302182621677763,8.591924498076432
1.3027586794523476,8.592942727131483
1.3033360911876875,8.637180189613469
1.303914861043439,8.671437154567023
1.3044949931959395,8.673276388977078
1.305076491838288,8.736699078912745
1.3056593611804341,8.737499126246542
1.3062436054492592,8.744315510533122
1.306829228888663,8.76299732625879
1.3074162357596497,8.764002956803639
1.3080046303404145,8.76829121878637
1.3085944169264296,8.778446224730484
1.3091855998305322,8.78478875731349
1.3097781833830124,8.788058276749023
1.3103721719317023,8.870210010114175
1.310967569842063,8.872530777329018
1.3115643814972773,8.874382418878358
1.312162611298337,8.881339130316384
1.312762263664135,8.892288281349625
1.3133633430315563,8.908755164705598
1.3139658538555699,8.911441117356794
1.3145698006093207,8.912649343628575
1.3151751877842226,8.943207655636161
1.315782019890053,8.991278229951096
1.3163903014550442,8.999526143092982
1.317000037025982,9.002793282012606
1.317611231168297,9.009599692954058
1.3182238884661628,9.02071421941246
1.3188380135225926,9.026817409388741
1.3194536109595336,9.028909973267746
1.3200706854179682,9.047177453479836
1.320689241558009,9.066865609775101
1.3213092840590002,9.06705426508235
1.321930817619615,9.071201487485908
1.322553846957957,9.10951395533506
1.3231783768116603,9.134041579463375
1.3238044119379906,9.134205487899502
1.3244319571139482,9.141403067714792
1.3250610171363693,9.141771663142332
1.3256915968220293,9.144654037935808
1.326323701007748,9.148388527861067
1.3269573345504926,9.174519833744787
1.3275925023274837,9.18406008107501
1.328229209236301,9.18658521062391
1.3288674601949897,9.237806203869908
1.3295072601421671,9.254309375912081
1.330148614037132,9.258375641467183
1.3307915268599708,9.266680793494128
1.3314360036116695,9.279257258690656
1.3320820493142216,9.282842210780963
1.3327296690107389,9.295778980896094
1.333378867765564,9.302736666173102
1.3340296506643805,9.307814780522191
1.3346820228143277,9.366702665662498
1.3353359893441117,9.370156063623911
1.3359915554041222,9.388479530651681
1.3366487261665452,9.392766467874107
1.337307506825479,9.480794941439928
1.3379679025970512,9.48942709534047
1.3386299187195363,9.505692298473832
1.339293560453471,9.507120902190824
1.3399588330817764,9.53746205227992
1.340625741909874,9.550471624395882
1.3412942922658073,9.561926395900894
1.341964489500363,9.596060611995577
1.3426363389871925,9.596495088925263
1.343309846122933,9.617449774144497
1.3439850163273326,9.626623376544373
1.3446618550433733,9.630090552943587
1.3453403677373956,9.64303489636914
1.3460205598992252,9.676023439255765
1.346702437042298,9.687859573533263
1.3473860047037887,9.706529596073189
1.3480712684447373,9.707018706936541
1.3487582338501805,9.722909247764521
1.349446906529278,9.726226219551886
1.3501372921154466,9.742226126624997
1.350829396266489,9.766058749959017
1.3515232246647275,9.798126040865753
1.3522187830171366,9.801649482909701
1.3529160770554778,9.818550370850161
1.3536151125364322,9.829078750069842
1.3543158952417402,9.847551587301128
1.355018430978334,9.863830755182168
1.355722725578478,9.870536781341858
1.3564287848999066,9.87520963645289
1.3571366148259625,9.878407580206833
1.357846221265738,9.881005862726743
1.3585576101542172,9.891735218827215
1.3592707874524157,9.911385014714783
1.3599857591475248,9.930969724659416
1.3607025312530572,9.953318009590664
1.361421109808989,9.957237976124526
1.3621415008819082,9.964818192015592
1.36286371056516,9.984144416140428
1.3635877449789953,9.993660729970449
1.3643136102707194,9.999111703011332
1.3650413126148428,10.012968627625284
1.3657708582132306,10.015438015813166
1.3665022532952553,10.016290371612095
1.367235504117949,10.022976344726741
1.3679706169661578,10.033190732796717
1.3687075981526975,10.047591033602803
1.3694464540185072,10.053694860938945
1.3701871909328094,10.061301127262254
1.3709298152932656,10.069406283386131
1.3716743335261365,10.070733379367812
1.3724207520864422,10.090670961082948
1.3731690774581229,10.098865496814376
1.373919316154202,10.11252925721507
1.3746714747169495,10.115129443151067
1.375425559718046,10.139158363826095
1.3761815777587483,10.143415829276929
1.3769395354700578,10.147363663002654
1.3776994395128856,10.148951807871816
1.3784612965782248,10.155973274356297
1.3792251133873181,10.1588986406826
1.3799908966918306,10.178204717038067
1.3807586532740221,10.192659385746055
1.3815283899469202,10.198937904647318
1.382300113554496,10.203205525335848
1.3830738309718398,10.212636248632146
1.3838495491053389,10.226928448374835
1.384627274892855,10.2375331299279
1.3854070153039058,10.245285133330754
1.3861887773398438,10.249896353051728
1.3869725680340401,10.254755207482898
1.387758394452067,10.273397943395347
1.388546263691884,10.29313620862364
1.3893361828840216,10.30727242670804
1.3901281591917716,10.312541694758579
1.3909221998113728,10.331875187745851
1.3917183119722023,10.340025899106198
1.392516502936967,10.344276776661534
1.3933167800018953,10.352178197387385
1.3941191504969321,10.361000590736172
1.3949236217859324,10.369355311204432
1.3957302012668595,10.372881656527753
1.396538896371982,10.380011527491176
1.3973497145680736,10.384410193218983
1.398162663356613,10.413433037137242
1.3989777502739882,10.427604157484835
1.399794982891697,10.4344037277214
1.400614368816554,10.458918809409337
1.4014359156908969,10.483695787691543
1.4022596311927935,10.494543660902828
1.4030855230362522,10.495536561211312
1.4039135989714315,10.505835278461339
1.4047438667848535,10.507019291098123
1.4055763342996166,10.518889232658358
1.4064110093756117,10.519198920707943
1.4072478999097382,10.522013754112953
1.4080870138361234,10.537260592914574
1.4089283591263415,10.551872824993001
1.4097719437896354,10.554828208770846
1.41061777587314,10.572585168497817
1.411465863462106,10.608746677334386
1.4123162146801274,10.620058596060803
1.413168837689368,10.632332448787045
1.4140237406907918,10.635560205957203
1.4148809319243942,10.672633061084943
1.4157404196694339,10.684403259739478
1.4166022122446678,10.689475953700729
1.4174663180085874,10.700607672365477
1.4183327453596566,10.705850438822514
1.4192015027365508,10.715151524655083
1.4200725986183975,10.719366924344826
1.4209460415250221,10.727668945967297
1.4218218400171891,10.738939282688921
1.4227000026968508,10.784926203103563
1.423580538207395,10.788975355860508
1.4244634552338946,10.79305769563517
1.4253487625033614,10.797250823128506
1.4262364687849973,10.815718358501314
1.427126582890451,10.826967052343925
1.4280191136740765,10.840237438478402
1.4289140700331906,10.863123068970811
1.4298114609083357,10.869627447284934
1.4307112952835412,10.874371511706737
1.4316135821865912,10.878791361002534
1.4325183306892881,10.883335273764425
1.4334255499077246,10.892621134501347
1.4343352490025525,10.899627316759798
1.435247437179257,10.907222100153534
1.4361621236884314,10.927756974048414
1.4370793178260532,10.948026144072838
1.4379990289337643,10.96475263228044
1.4389212663991506,10.975210463535975
1.4398460396560264,10.985206233449608
1.4407733581847197,11.006214595524712
1.4417032315123586,11.00983691305628
1.4426356692131614,11.01624202002948
1.4435706809087285,11.020145900691105
1.4445082762683357,11.027878313188761
1.4454484650092294,11.0333722891573
1.4463912568969273,11.055292283398783
1.4473366617455168,11.060367510607186
1.4482846894179577,11.073024166530022
1.4492353498263884,11.074712906264924
1.4501886529324317,11.107874491694856
1.4511446087475055,11.119367664611424
1.4521032273331347,11.12262028766287
1.453064518801264,11.126551008873573
1.4540284933145764,11.140952344128417
1.4549951610868108,11.147511803534922
1.4559645323830839,11.156285125725567
1.456936617520214,11.156700760679675
1.4579114268670472,11.178912273669836
1.4588889708447867,11.188260621016124
1.4598692599273237,11.20258211566599
1.4608523046415698,11.206663541995464
1.4618381155677957,11.217777900101222
1.4628267033399691,11.220510274841565
1.4638180786460948,11.22342209670468
1.4648122522285616,11.239344507420112
1.4658092348844867,11.244652860041102
1.4668090374660656,11.246403908248146
1.4678116708809241,11.248404837950922
1.4688171460924744,11.262347004414202
1.4698254741202696,11.290347599708122
1.470836666040368,11.293714294715231
1.4718507329856922,11.306908856327976
1.472867686146398,11.30691396595213
1.47388753677024,11.326762396438147
1.4749102961629463,11.368824084442341
1.4759359756885904,11.369265376657312
1.4769645867699701,11.369549748610696
1.4779961408889863,11.379187667643004
1.4790306495870276,11.380668286961516
1.4800681244653553,11.384944507733204
1.4811085771854937,11.408941221195773
1.4821520194696203,11.459292506838683
1.4831984631009647,11.459970777066134
1.4842479199242022,11.462570370469752
1.4853004018458598,11.465917983284651
1.4863559208347177,11.506987750683566
1.4874144889222192,11.51561630650804
1.4884761182028798,11.53009853608333
1.4895408208347036,11.532451476121969
1.4906086090395996,11.549991703171472
1.4916794951038024,11.57154080359729
1.4927534913782974,11.582387219423486
1.493830610279247,11.589053949501487
1.4949108642884221,11.593650818280288
1.4959942659536385,11.60128181358631
1.4970808278891905,11.607625137708641
1.4981705627762971,11.612950487593311
1.4992634833635416,11.616652087692687
1.5003596024673254,11.617097085016528
1.5014589329723154,11.652236395761939
1.5025614878319025,11.667017321264172
1.5036672800686597,11.667348260282672
1.504776322774805,11.674285834145795
1.5058886291126696,11.685725140465102
1.507004212315165,11.69291498540325
1.5081230856862606,11.701690763402652
1.5092452626014599,11.71674105601424
1.5103707565082833,11.722873784672654
1.5114995809267537,11.736312748707846
1.5126317494498862,11.756296871183483
1.5137672757441807,11.761837981873313
1.5149061735501217,11.765817649613929
1.516048456682679,11.769508041914657
1.5171941390318133,11.795017781710397
1.5183432345629875,11.838418327600763
1.5194957573176788,11.852264900966656
1.5206517214138995,11.867806993768998
1.5218111410467177,11.881903008048093
1.5229740304887849,11.883492697035809
1.5241404040908684,11.895733110887816
1.525310276282385,11.906743358766645
1.5264836615719422,11.914130104392445
1.5276605745478828,11.920395097957462
1.5288410298788333,11.933994361792795
1.5300250423142578,11.954386952865022
1.5312126266850168,11.95929553411899
1.5324037979039282,11.969523855585424
1.5335985709663364,11.969871527299167
1.5347969609506846,11.97005375035834
1.53599898301909,11.998045622474546
1.5372046524179277,12.001587085495089
1.5384139844784148,12.003757439119832
1.5396269946172052,12.007165059855904
1.540843698336983,12.021194684126566
1.5420641112270665,12.021346047795676
1.543288248964012,12.037587146027615
1.5445161273122283,12.038403497589652
1.5457477621245914,12.040606809690336
1.546983169343068,12.061624371074013
1.548222364999342,12.091475366169671
1.5494653652154469,12.133044620597481
1.5507121862044042,12.136511895605853
1.5519628442708657,12.189952932840146
1.5532173558117648,12.196585137948707
1.5544757373169682,12.196605071410719
1.555738005369937,12.212132239912096
1.5570041766483926,12.221049567615962
1.5582742679249868,12.241879231332561
1.5595482960679798,12.254102222696066
1.560826278041922,12.286304308032632
1.5621082309083447,12.29858760763545
1.563394171826452,12.320438104646662
1.5646841180538227,12.32636309188926
1.5659780869471178,12.329170780772696
1.5672760959627907,12.338733723102836
1.5685781626578088,12.371373872334775
1.569884304690377,12.3773476133657
1.571194539820669,12.380838400862112
1.5725088859115655,12.402580845421884
1.573827360929398,12.404126308175753
1.5751499829447007,12.406902475254114
1.5764767701329647,12.4073594952983
1.5778077407754059,12.41126202113972
1.5791429132597312,12.416396070818875
1.580482306080919,12.421915484974619
1.581825937842001,12.426444057612699
1.5831738272548543,12.427980937682307
1.5845259931409994,12.430902852107018
1.5858824544324042,12.440992202828124
1.5872432301722956,12.45007421067698
1.5886083395159818,12.456974031492143
1.5899778017316746,12.46762757719411
1.5913516362013247,12.515032724923255
1.5927298624214643,12.526989720940902
1.5941125000040537,12.544711574229021
1.5954995686773379,12.57765674041793
1.5968910882867124,12.577656943619774
1.5982870787955918,12.590018409995281
1.5996875602862903,12.591034098161174
1.6010925529609097,12.627158099333052
1.6025020771422331,12.65420254102715
1.6039161532746293,12.661835308295121
1.6053348019249638,12.670379250252697
1.6067580437835178,12.675880177996607
1.608185899664916,12.678791998245288
1.6096183905090637,12.695696880135433
1.611055537382091,12.698011253382148
1.6124973614773048,12.71105007774307
1.6139438841161533,12.712923465620038
1.6153951267491946,12.722927182305325
1.6168511109570762,12.725531849852256
1.6183118584515248,12.729107156884675
1.6197773910763418,12.732924348115287
1.6212477308084121,12.74781907578052
1.6227228997587173,12.748079423704265
1.624202920173363,12.775785327223602
1.6256878144346127,12.801737876527922
1.6271776050619309,12.825979740994045
1.6286723147130375,12.837342031598105
1.6301719661849712,12.838084063321148
1.6316765824151624,12.857424430018375
1.6331861864825175,12.865401639760458
1.6347008016085094,12.8873534959619
1.6362204511582839,12.899780902423705
1.637745158641771,12.902923433049635
1.6392749477148116,12.905508267147457
1.640809842180288,12.90733380244738
1.6423498659892726,12.916615800082965
1.6438950432421813,12.917239218183894
1.645445398189942,12.940111252309629
1.647000955235171,12.943707610511826
1.648561738933361,12.948908264839009
1.6501277739940838,12.984731272130068
1.651699085282197,13.000877605400245
1.6532756978190715,13.007333958579249
1.6548576367838224,13.010193188512277
1.6564449275145547,13.014937957088085
1.6580375955096238,13.039152151859081
1.6596356664289034,13.057912946596458
1.6612391660950656,13.061537698395814
1.6628481204948786,13.066433885812023
1.6644625557805106,13.079235980944203
1.666082498270848,13.084797149789171
1.6677079744528294,13.108131417268337
1.6693390109827875,13.120477943289261
1.6709756346878082,13.13942470423039
1.6726178725670997,13.151039510581871
1.674265751793376,13.155985434837067
1.6759192997142538,13.158314352059989
1.6775785438536635,13.159422231707843
1.6792435119132736,13.167824548347909
1.680914231773926,13.224451367901931
1.6825907314970918,13.227939132851787
1.6842730393263332,13.243647121474886
1.6859611836887871,13.274797234407577
1.6876551931966577,13.276631750810093
1.6893550966487278,13.277336602875277
1.691060923031881,13.278303847531413
1.6927727015226421,13.281867827997518
1.6944904614887306,13.309049543347609
1.6962142324906322,13.310994600681516
1.6979440442831804,13.321191928417903
1.6996799268171616,13.329232811486408
1.7014219102409283,13.343269677150477
1.7031700249020325,13.346819195315987
1.7049243013488766,13.363280573959377
1.7066847703323758,13.39592770104785
1.708451462807641,13.402449174915516
1.7102244099356794,13.420305510987053
1.712003643085107,13.422404717233672
1.713789193833884,13.433066404027876
1.715581093971063,13.433565130229866
1.7173793754985582,13.453333164669559
1.7191840706329315,13.45946669154115
1.7209952118071938,13.463079155819509
1.7228128316726299,13.465936475520518
1.7246369631006344,13.46887143075562
1.726467639184577,13.489696532142485
1.7283048932416736,13.51090459743698
1.730148758814888,13.518297218938953
1.731999269674846,13.522485829635794
1.7338564598217714,13.539638760054112
1.7357203634874416,13.55706493750754
1.7375910151371636,13.557081378706602
1.7394684494717692,13.56045946449476
1.7413527014296322,13.571697213600727
1.7432438061887041,13.587595541957777
1.7451417991685745,13.594930098394313
1.7470467160325474,13.596604587209693
1.7489585926897444,13.604905130769014
1.7508774652972274,13.637972388324785
1.7528033702621415,13.651975033578566
1.754736344243883,13.672579873752696
1.7566764241562898,13.67709821056729
1.7586236471698522,13.693381130645442
1.7605780507139486,13.698343896944177
1.7625396724791063,13.721482986976763
1.7645085504192823,13.7222225392474
1.7664847227541693,13.733380394544326
1.7684682279715296,13.736516267587438
1.7704591048295477,13.74443605455599
1.7724573923592104,13.763572635538885
1.7744631298667162,13.767848215680946
1.7764763569359014,13.777167161435072
1.7784971134306997,13.779568408541362
1.780525439497626,13.81092822925123
1.7825613755682828,13.829396586453408
1.7846049623618996,13.835270274942367
1.7866562408878945,13.860708045316764
1.7887152524484649,13.874756990113504
1.7907820386412072,13.882725265856344
1.792856641361763,13.896512749310546
1.7949391028064947,13.930763193412677
1.797029465475189,13.947441283509308
1.7991277721737917,13.953952864733676
1.8012340660171682,13.961085057082013
1.8033483904318997,14.02303183724027
1.8054707891591049,14.091456340474382
1.8076013062572933,14.107917453398283
1.8097399861052517,14.108212819048124
1.811886873404961,14.112508669339874
1.8140420131845443,14.113301962163472
1.8162054508012473,14.123347532333295
1.818377231944455,14.129492193865438
1.8205574026387348,14.147405778312596
1.8227460092469199,14.178374232879689
1.824943098473223,14.183628954421248
1.8271487173663852,14.219992782066413
1.8293629133228604,14.232536576738791
1.831585734090034,14.253809317704592
1.8338172277694804,14.26038515581253
1.8360574428202514,14.27535139166378
1.8383064280622066,14.284017223851361
1.8405642326793785,14.287876194859873
1.842830906223376,14.319158124540959
1.8451064986168257,14.325240652801526
1.8473910601568526,14.356113196748932
1.8496846415185986,14.36358063012838
1.8519872937587836,14.369064552832
1.8542990683193035,14.391802822641793
1.8566200170308729,14.392451867651582
1.8589501921167029,14.421008861325943
1.8612896461962298,14.44480259704423
1.8636384322888777,14.452133880268732
1.8659966038178692,14.462427569044749
1.8683642146140789,14.470475172313488
1.8707413189199285,14.479420532496066
1.87312797139333,14.480549916251334
1.8755242271116745,14.540417999832918
1.8779301415758622,14.577455138295448
1.8803457707143847,14.582022663654216
1.882771170887452,14.595657350164764
1.8852063988911656,14.599168558464285
1.887651511961745,14.60248102481124
1.8901065677797988,14.619732308188016
1.892571624474648,14.624138170262412
1.895046740628698,14.631122515658799
1.8975319752818656,14.64169191227856
1.9000273879360534,14.651940926562258
1.902533038559679,14.657025928088245
1.9050489875922598,14.682914253351296
1.9075752959490462,14.688042437937657
1.910112025025715,14.711557764160515
1.912659236703118,14.724551253617564
1.9152169933520826,14.729562015563875
1.9177853578382749,14.739864439905023
1.9203643935271155,14.753822035583541
1.922954164288762,14.77936775578754
1.9255547345031407,14.797188554177843
1.9281661690650471,14.801887812430444
1.9307885333893056,14.802161024204308
1.9334218934159872,14.814930338892307
1.9360663156156968,14.828988597835714
1.938721866994919,14.850048000219129
1.9413886151014332,14.856810318853638
1.9440666280297887,14.874478286483948
1.946755974426854,14.876147854659536
1.949456723497426,14.882127212326731
1.9521689450099136,14.884759282338585
1.9548927093020876,14.92140842953575
1.9576280872869039,15.00226743406223
1.9603751504583942,15.009833748845994
1.9631339708976332,15.083809019997497
1.9659046212787792,15.102187597864427
1.9686871748751855,15.107969880192517
1.971481705565591,15.140150190882267
1.9742882878403898,15.151425798737117
1.977106996807971,15.153551904703852
1.9799379082011486,15.156631403142663
1.9827810983836602,15.158611469211897
1.9856366443567555,15.159382918115664
1.9885046237658657,15.229215407859162
1.9913851149073538,15.247287056716615
1.994278196735351,15.247837713205472
1.9971839488686844,15.257932367458363
2.0001024515978845,15.260546670408424
2.0030337858922875,15.266923723272729
2.005978033407226,15.285744758137223
2.0089352764913104,15.286069335571497
2.011905598193803,15.287800661507255
2.0148890822720906,15.297577414231732
2.017885813199247,15.29981721266431
2.0208958761716977,15.329910659845146
2.0239193571169767,15.337998671648972
2.026956342701595,15.35486212210118
2.030006920338996,15.366978195294829
2.033071178197626,15.386985404517123
2.0361492052091066,15.388794558933082
2.0392410910765046,15.403169302185535
2.042346926282726,15.408873950536675
2.0454668020990048,15.413081560409804
2.048600810593511,15.420980116354496
2.0517490446400712,15.422737390153099
2.0549115979269996,15.430460757133186
2.058088564966049,15.44005031044994
2.0612800411014818,15.444815094932375
2.0644861225192557,15.48505408101479
2.067706906256336,15.48759968172393
2.070942490210128,15.511303201114867
2.0741929731480413,15.5117912157503
2.077458454717174,15.521925583433852
2.0807390354541324,15.529151093311766
2.0840348167949814,15.554630065638197
2.087345901085324,15.569985557402926
2.0906723915905254,15.59196563639092
2.0940143925060695,15.603872523818065
2.097372008968054,15.613361106706252
2.100745347063833,15.620669471623964
2.104134513842802,15.643817830753143
2.10753961732733,15.665234020291381
2.1109607665238395,15.68519703344424
2.1143980714340427,15.69783903535344
2.117851643066326,15.776629520480919
2.1213215934472944,15.829911464679755
2.124808035633481,15.835537627796882
2.1283110837232035,15.84468296217685
2.1318308528685996,15.851693194524481
2.135367459287823,15.85517334706652
2.1389210202774076,15.888374112321396
2.1424916542248096,15.892010142562903
2.1460794806211214,15.899422434375047
2.1496846200739643,15.925405568220203
2.1533071943205595,15.93308175161827
2.1569473262409913,15.935078020976821
2.1606051398716493,15.940417255869292
2.1642807604188645,15.950187759017254
2.167974314272737,15.954675605413792
2.171685929021164,15.955707310514358
2.1754157334640642,15.965979418282569
2.179163857627806,15.987796490942491
2.1829304327798438,16.01885223168385
2.1867155914435608,16.05649610469454
2.190519467413332,16.07995184275799
2.194342195769797,16.084813628077942
2.1981839128953595,16.097727724167804
2.2020447564899053,16.117804833864348
2.2059248655867587,16.151548394467014
2.2098243805688567,16.153879119740346
2.2137434431851735,16.187008802977005
2.2176821965673796,16.19095073038727
2.2216407852467386,16.203887132467237
2.2256193551712666,16.21357484458928
2.2296180537231334,16.22216040165797
2.233637029736323,16.26280653915336
2.237676433514558,16.28774067509046
2.2417364168494935,16.313221637403103
2.2458171330391705,16.318666109276048
2.249918736906756,16.345063077124887
2.254041384819561,16.392671113011346
2.258185234708338,16.41059736442143
2.262350446086874,16.41194674965069
2.266537180071882,16.41389241656467
2.270745599403181,16.4412990070887
2.274975868464197,16.477815984482145
2.279228153302765,16.47967680599423
2.2835026216522487,16.483955723587666
2.287799442952988,16.504812931246114
2.292118788374072,16.51628923588058
2.2964608308354406,16.537890833334636
2.3008257450303375,16.547420020425612
2.3052137074480976,16.566283948634773
2.3096248963972976,16.59932827801978
2.3140594920292554,16.629605775911063
2.318517676361903,16.63598056577665
2.322999633304027,16.64211631773864
2.3275055486798877,16.654103932255346
2.3320356102542275,16.711078001400693
2.3365900077576685,16.718179488985104
2.341168932912511,16.761323201836337
2.34577257945894,16.76163374750727
2.3504011431816463,16.765666680951544
2.35505482193687,16.768435675004607
2.359733815679874,16.775422904620008
2.3644383264928592,16.81662177516651
2.369168558613318,16.848216656814426
2.373924718462852,16.854068652766035
2.378707014676451,16.86474241464741
2.3835156581322385,16.882803353085198
2.388350861981705,16.937326967211096
2.3932128416804295,16.962057342896074
2.3981018150192983,16.979635936426412
2.4030180021562337,16.987550038409843
2.4079616256484475,17.00719400500975
2.412932910485213,17.047205863554456
2.4179320841211798,17.049124927646364
2.422959376510245,17.051218026413792
2.428015020139972,17.10838563756736
2.433099250066588,17.108677252722217
2.4382123039505608,17.13954049530185
2.4433544220927694,17.17364050148875
2.4485258474712763,17.188677223269067
2.453726825778721,17.22869519472372
2.458957605460337,17.241167284206
2.464218437752611,17.242106447530066
2.4695095767226,17.25569802928359
2.4748312793079057,17.28128376931005
2.4801838053573384,17.300132651398194
2.485567417672266,17.31546801962288
2.4909823820486747,17.316446410001127
2.49642896731995,17.32033398314779
2.501907445400388,17.333232261225604
2.5074180913294666,17.34368863032446
2.512961183316874,17.37082659165492
2.5185370027883196,17.386024321573295
2.5241458344321472,17.386911608772856
2.5297879662467526,17.41297221721792
2.535463689588835,17.440326223753765
2.5411732992224993,17.461022856113395
2.546917093369213,17.531725724849423
2.5526953737586506,17.539095870044502
2.5585084456804417,17.551379642319752
2.564356618036825,17.61305804070547
2.5702402033962533,17.61385529333938
2.5761595180479486,17.622436680782783
2.5821148820574362,17.627348693440943
2.5881066193230744,17.685573545534282
2.594135057633607,17.743261177739157
2.600200528726752,17.752711385218408
2.6063033683488492,17.756601642973152
2.6124439163156086,17.760241445288273
2.618622516573942,17.7850712347676
2.6248395172649435,17.79530611072955
2.631095270788024,17.846467276572696
2.6373901338662176,17.881524720792363
2.643724467612698,17.994284064536835
2.6500986375985365,18.0077339704618
2.6565130139216975,18.011302764245595
2.6629679712773373,18.011715905971325
2.6694638890294162,18.037788132695972
2.6760011512836384,18.071756734168925
2.6825801469617803,18.088805069738825
2.689201269877415,18.114412791734704
2.6958649188130663,18.13123310449327
2.702571497598835,18.21148435988236
2.709321415192513,18.24070895439856
2.7161150857612446,18.243563226924273
2.722952928764732,18.24822720589819
2.729835369040057,18.300482138798827
2.7367628368881354,18.3461939317608
2.7437357681618404,18.35433050988474
2.7507546043558366,18.4293300545337
2.757819792698179,18.439582714876025
2.7649317862436766,18.444093302324852
2.772091043969108,18.44504147350956
2.779298030870306,18.48443842923604
2.786553218061145,18.514337900863023
2.7938570828745086,18.534443220930445
2.8012101089652477,18.544517396225753
2.808612786415196,18.57433981489548
2.81606561184029,18.57465715703486
2.8235690884998332,18.644889451113187
2.831123726407959,18.661658423378498
2.8387300424473514,18.69480888871138
2.846388560485268,18.779384956675578
2.854099811491921,18.782983748125353
2.8618643336612735,18.824069130633507
2.869682672534317,18.928704122458566
2.877555381124873,18.971319101306598
2.885483020047989,19.00762107452576
2.8934661576510017,19.017533608431386
2.9015053701473077,19.026019940840374
2.9096012417529264,19.069119754986026
2.9177543648259245,19.079606506095544
2.9259653400087506,19.15894810531156
2.9342347763735805,19.16763035197633
2.942563291570732,19.182687146433967
2.9509515119802088,19.19633303766308
2.959400072866496,19.213931551573143
2.967909618536639,19.23305471032225
2.9764808025017193,19.234537679277338
2.9851142876418026,19.249928470823054
2.9938107463744412,19.25505144129844
3.002570860826839,19.266757029702358
3.011395323011741,19.268252695783495
3.0202848350071765,19.31532511868925
3.0292401091401335,19.347236945701816
3.038261868174261,19.408377865123267
3.0473508455017235,19.418784444180087
3.0565077853393037,19.454943161937322
3.0657334429288485,19.46307705147331
3.075028584742204,19.47572886830259
3.084393988690727,19.47978343838562
3.0938304443395057,19.49277803320153
3.103338753126416,19.503653942614307
3.1129197285861423,19.54774188802059
3.122574196579275,19.563216110090867
3.1323029955266426,19.574545536883544
3.1421069766490217,19.626071397434515
3.151987004212336,19.653041775222754
3.161943955778527,19.686310439020144
3.1719787224622373,19.70867483938735
3.182092209193456,19.716630999258268
3.192285334986297,19.745861934378652
3.2025590332140883,19.74646652699085
3.212914251890918,19.78626313929987
3.223351953959836,19.79744131360457
3.233873117587904,19.81485218705462
3.2444787364682446,19.89390775549289
3.2551698201293346,19.895057420065918
3.2659473942517114,19.972787952497736
3.2768125009923077,19.99681135471474
3.2877661993166356,20.030538048706457
3.298809565339051,20.057678769297695
3.3099436926712924,20.059200139876648
3.3211696927795833,20.088276556282867
3.3324886953504977,20.089712727176988
3.34390184866586,20.108358686628964
3.3554103199869507,20.115856187325683
3.3670152959482644,20.132358334694892
3.3787179829611307,20.13666144778314
3.390519607627438,20.19287301434888
3.4024214171638167,20.195409820162673
3.41442467983655,20.25639459696756
3.4265306854075313,20.31797181998812
3.4387407455916237,20.355143054503856
3.4510561945257447,20.358985698877916
3.4634783892500196,20.359047828547006
3.476008710201379,20.36377893109242
3.488648561720004,20.369515002713637
3.5013993725689367,20.376523978356396
3.5142625964673457,20.40018251338091
3.527239712637811,20.434441495990153
3.5403322263680623,20.44223920119706
3.553541669587646,20.452406350627463
3.566869601459971,20.51058637414915
3.5803176089902,20.588541436327198
3.5938873076495037,20.594245755057912
3.6075803420161963,20.64071984653546
3.6213983864342576,20.643574523683913
3.6353431456898266,20.650888773189177
3.6494163557062382,20.734264975706324
3.6636197842581617,20.79327516370519
3.6779552317055173,20.824802679470796
3.6924245317477595,20.869593301948402
3.7070295521992094,20.9184325823241
3.7217721957861367,20.92749967911825
3.736654400966294,20.94580566148671
3.751678142771625,20.97359272202459
3.766845433674962,21.030545777358718
3.7821583244814803,21.0449264825157
3.7976189052457285,21.090274728870252
3.813229306215122,21.141360697030866
3.8289916988008037,21.229727595683784
3.8449082965767394,21.32160055752345
3.860981356308095,21.363882170603038
3.877213179009833,21.38103011153394
3.8936061110366285,21.40072541497585
3.91016254520511,21.42548152775516
3.926884921949655,21.43744500410371
3.9437757305128254,21.443432135484777
3.96083751017169,21.445559722130014
3.9780728515013433,21.472443850787524
3.9954843976768784,21.527536567609072
4.013074845815213,21.670707334516425
4.030846948358224,21.676106331441524
4.048803514498649,21.676322909450732
4.066947411650314,21.68208554785226
4.085281566964292,21.707566501384452
4.103808968892738,21.72778578651246
4.122532668802044,21.840422626868232
4.141455782637248,21.861785389875525
4.16058149263956,22.05996621013459
4.179913049118974,22.148848079495966
4.1994537722840715,22.150478098972314
4.219207054131193,22.18138727727006
4.23917636039517,22.241691125590194
4.259365232564043,22.32407925389936
4.279777289960206,22.40358425393596
4.3004162318905115,22.458518656677793
4.321285839868061,22.499781430574483
4.342389979908488,22.51908004489134
4.3637326049036,22.524638927425766
4.3853177570755175,22.54286506270039
4.407149570514478,22.568585538377857
4.429232273803619,22.61623995438566
4.451570192734301,22.65050304924427
4.474167753115603,22.65756134847082
4.497029483681795,22.712215235628776
4.520160019101856,22.72277176743946
4.54356410309521,22.777792637256745
4.5672465916580505,22.792795876661252
4.591212456404928,22.82082507088276
4.6154667880303615,22.866578339781356
4.640014799895605,22.90923564212877
4.664861831745805,22.994701181411212
4.690013353563167,22.997360951518353
4.71547496956197,23.066967427343545
4.741252422331521,23.14103449318324
4.767351597133518,23.153256967650563
4.7937785263605655,23.156093904729318
4.820539394162929,23.173592019805028
4.847640541250988,23.228442330611372
4.875088469881247,23.272333718055535
4.902889849034061,23.321521144294074
4.931051519791859,23.391464624676814
4.959580500926856,23.41209402953278
4.988483994707908,23.414880232282908
5.0177693929365805,23.425832432488782
5.047444283223098,23.43634659210087
5.077516455513252,23.45756519256605
5.107993908878212,23.4855854774614
5.138884858579582,23.581163301157066
5.170197743422789,23.629935574390508
5.201941233412703,23.633483602399487
5.23412423772606,23.635773730032454
5.2667559130159844,23.63818994781226
5.299845672065058,23.694199632131365
5.333403192803947,23.83525239461291
5.367438427713806,23.85925055307833
5.40196161363166,23.882162395589802
5.43698328197905,23.937073617549522
5.47251426943535,24.07661622131097
5.508565729078584,24.109110882755214
5.545149142017744,24.136694448708433
5.582276329542053,24.1837960905752
5.619959465814273,24.294278551134774
5.658211091136636,24.354867025155368
5.697044125819742,24.371674144581355
5.736471884686715,24.393248252746417
5.776508092246753,24.41100385136271
5.817166898574428,24.451108771832764
5.858462895933348,24.53145604894281
5.90041113618515,24.6562830886195
5.9430271490275475,24.72053702976332
5.986326961107751,24.89327962238155
6.030327116060751,24.895166878231787
6.07504469552511,25.00655839733837
6.120497341192255,25.023561363281644
6.16670327794917,25.056171175893898
6.21368133817823,25.129786270002725
6.2614509872821875,25.444430213928875
6.310032350507079,25.476526634262637
6.359446241140671,25.539711889849926
6.409714190169419,25.593057945682954
6.460858477482734,25.616404579837486
6.51290216471967,25.658426175433387
6.565869129859541,25.660296091400806
6.619784103665716,25.797842226393442
6.674672708099341,25.79870520686876
6.730561496828276,25.80746902697685
6.787477997965954,25.894474477734253
6.84545075918465,25.906492257298147
6.904509395358334,26.17140387883365
6.964684638902419,26.327579611923415
7.0260083929900565,26.367548711482318
7.088513787838478,26.441071285521218
7.152235240274307,26.461082694697886
7.217208516802644,26.52192254014632
7.283470800422796,26.54349503558166
7.351060761453013,26.686360354869695
7.420018632647627,26.74464597694967
7.490386288913113,26.859346377557227
7.562207331955153,26.896294689743087
7.635527180216129,26.996783415876017
7.710393164492763,27.08346062107668
7.786854629657126,27.36413754936555
7.86496304294031,27.40166796906193
7.944772109277946,27.541190060471678
8.026337894261035,27.608494402160673
8.109718955283475,27.675761655308797
8.194976481531024,27.68365409350288
8.282174443514847,27.83321513344172
8.371379752917829,27.9233155738981
8.462662433593014,27.98227576065785
8.556095804632308,28.070998144724093
8.651756676511733,28.14321388597691
8.749725561415772,28.376184760583673
8.850086898951238,28.45461892686604
8.952929298580813,28.526983505584262
9.058345800239021,28.557462937418595
9.166434154741829,28.666903489147487
9.277297125766207,28.856263584163298
9.39104281536066,28.984316986799172
9.507785015153797,29.07769515021326
9.627643585659674,29.115053837211562
9.750744866337719,29.229627381980173
9.877222119355999,29.357759382468316
10.007216010334886,29.433521203579225
10.140875129717086,29.639842677559987
10.278356558826154,29.730067240977704
10.419826485147837,29.783683702692578
10.565460871900903,30.122057777235703
10.715446187569254,30.250290095101924
10.869980201755475,30.459012834649023
11.029272854497716,30.470469943454905
11.193547207084803,30.77758882484281
11.363040483425426,30.824945974639864
11.538005212194983,30.942534831489258
11.71871048132449,31.049730761103383
11.905443317938632,31.082033994649663
12.098510208626497,31.316320855462447
12.298238776981448,31.344283283663984
12.504979637724357,31.70262379281047
12.719108449483013,31.994692564639212
12.941028191510647,32.20579440982462
13.171171693373676,32.25532294417664
13.410004451018867,32.631718308306816
13.658027767771669,32.89143033545322
13.9157822648632,33.01314493015718
14.18385181322104,33.05023002319273
14.462867946703563,33.40518064308189
14.753514826988448,33.53959417920225
15.05653484227691,33.62028416423949
15.372734936263747,34.590508461045566
15.702993780969743,35.041648828563495
16.048269927688047,35.10034805692481
16.4096110952715,35.121855008665925
16.788164785318365,35.174521249365206
17.185190450799706,35.291562975791166
17.602073489981283,35.41730084951547
18.040341393255908,35.42754935982515
18.50168243947595,35.500879183601754
18.987967424123898,35.772220671995655
19.50127500884382,36.01095297081202
20.04392141660769,36.14687670761532
20.61849536720469,36.16702852070595
21.227899364637622,36.466888822375864
21.875398725906344,37.06620616840553
22.564680099233378,37.117072235715035
23.299921685933928,37.35764909027379
24.08587799094905,38.3770647816678
24.927982734208303,39.504098319701725
25.832474631182023,40.11442902395342
26.806552199716457,40.23563283081783
27.858565720509677,40.30046262631082
28.998257187704542,40.61774770867329
30.23706285529044,40.81382699333054
31.588498296159543,40.92705769646492
33.068653478035266,41.278991917201886
34.69683636218046,41.78567340471349
36.496419743802946,42.56575258431501
38.4959703725951,43.35323227225132
40.73077658640606,43.38818882471439
43.244948807540666,43.79370359355937
46.094360237578904,44.090525869595545
49.35084784997203,44.68855706682652
53.1083523023028,45.455631176267566
57.492127804673174,45.841721990970285
62.67297555266729,46.29602285385079
68.89001722009037,47.17614905217184
76.48865078020971,47.42311931606624
85.9869731929083,47.54641955626677
98.19913682370236,49.00933449147763
114.48206228177344,50.95842715855364
137.27820666362402,51.87706790188352
171.47248416222138,52.170176439667365
228.4630278944842,59.35477837399241
342.44423721109257,64.43854070293935
684.3881088652697,66.7399718631616
